name;logo
AAT Bioquest;/logos/aat-bioquest.png
Ab Sciex;/logos/ab-sciex.png
Abbexa;/logos/abbexa.png
Abbott;/logos/abbott.png
Abbott Laboratories;/logos/abbott-laboratories.png
abcam;/logos/abcam.png
abclonal;/logos/abclonal.png
ABCR;/logos/abcr.png
ABCR GMBH;/logos/abcr-gmbh.png
ABM;/logos/abm.png
Abnova;/logos/abnova.png
Abren;/logos/abren.png
AcroBiosystems;/logos/acrobiosystems.png
Acros;/logos/acros.png
Actif Motif;/logos/actif-motif.png
Active Motif;/logos/active-motif.png
AdooQ Bioscience;/logos/adooq-bioscience.png
Advanced instruments;/logos/advanced-instruments.png
Affinity Bio;/logos/affinity-bio.png
Agdia;/logos/agdia.png
AHN;/logos/ahn.png
AJ Innuscreen GmbH;/logos/aj-innuscreen-gmbh.png
Alfa Aesar;/logos/alfa-aesar.png
Alomone;
Alpha Diagnostic;/logos/alpha-diagnostic.png
Amresco;
amsbio;/logos/amsbio.png
Analytik Jena;/logos/analytik-jena.png
Anamed;/logos/anamed.png
Anaspec;/logos/anaspec.png
Ancell;/logos/ancell.png
Antibodies Incorporated;/logos/antibodies-incorporated.png
antibodies-online;/logos/antibodies-online.png
Apollo Scientific;/logos/apollo-scientific.png
AppliChem;/logos/applichem.png
Applichem;/logos/applichem.png
Applied Biosystems;/logos/applied-biosystems.png
Arigo;
ARP;/logos/arp.png
AssayGenie;/logos/assaygenie.png
AssayMax;/logos/assaymax.png
AssayPro;/logos/assaypro.png
Associates of Cape Cod;/logos/associates-of-cape-cod.png
ATCC;/logos/atcc.png
Atlas;/logos/atlas.png
Avanti;/logos/avanti.png
Avantor;/logos/avantor.png
Aven;/logos/aven.png
Aviva systems biology;/logos/aviva-systems-biology.png
Axygen;/logos/axygen.png
Bachem;/logos/bachem.png
BD;/logos/bd.png
Beckman Coulter Inc.;/logos/beckman-coulter-inc.png
Bel-Art;/logos/bel-art.png
Bethyl;/logos/bethyl.png
Bio SB;/logos/bio-sb.png
Bio-Techne;/logos/bio-techne.png
Bio X Cell;/logos/bio-x-cell.png
Bioanalytic;/logos/bioanalytic.png
BioAssaySystems;/logos/bioassaysystems.png
BIOBASIC;/logos/biobasic.png
Biocare;/logos/biocare.png
BioCat;/logos/biocat.png
Biochrom;/logos/biochrom.png
BioGems;/logos/biogems.png
Biohit;/logos/biohit.png
BioIVT;/logos/bioivt.png
BioLegend;/logos/biolegend.png
Biologix;/logos/biologix.png
Biomatik;
BioMedica;/logos/biomedica.png
Biomerieux;/logos/biomerieux.png
Biorad;/logos/biorad.png
Biorbyt;
Biosera;/logos/biosera.png
BIOSYNTH;
Biotec;
Biotechne;/logos/biotechne.png
Biotium;/logos/biotium.png
BioVendor R&D;
Biowest;/logos/biowest.png
BIOXCELL;/logos/bioxcell.png
Biozol;/logos/biozol.png
Biozym;/logos/biozym.png
Boster Bio;/logos/boster-bio.png
BPS Bioscience;/logos/bps-bioscience.png
Brand;/logos/brand.png
Brandtech;/logos/brandtech.png
CalBioChem;/logos/calbiochem.png
CANDOR;/logos/candor.png
Capitol Scientific;/logos/capitol-scientific.png
Capricorn;/logos/capricorn.png
Carl Roth;/logos/carl-roth.png
CAYMAN CHEMICAL;/logos/cayman-chemical.png
Cedarlane;/logos/cedarlane.png
cell marque;/logos/cell-marque.png
Cell Signaling;
CellScript;/logos/cellscript.png
ChemScene;/logos/chemscene.png
CHROMagar;/logos/chromagar.png
